{
    "accuracy": 0.81,
    "precision": 0.8181818181818182,
    "recall": 0.8333333333333334,
    "f1_score": 0.8256880733944955
}